-- phpMyAdmin SQL Dump
-- version 4.6.6
-- https://www.phpmyadmin.net/
--
-- Host: localhost
-- Generation Time: May 03, 2018 at 03:12 AM
-- Server version: 5.7.17-log
-- PHP Version: 5.6.30

SET SQL_MODE = "NO_AUTO_VALUE_ON_ZERO";
SET time_zone = "+00:00";


/*!40101 SET @OLD_CHARACTER_SET_CLIENT=@@CHARACTER_SET_CLIENT */;
/*!40101 SET @OLD_CHARACTER_SET_RESULTS=@@CHARACTER_SET_RESULTS */;
/*!40101 SET @OLD_COLLATION_CONNECTION=@@COLLATION_CONNECTION */;
/*!40101 SET NAMES utf8mb4 */;

--
-- Database: `itshop`
--

-- --------------------------------------------------------

--
-- Table structure for table `brand`
--

CREATE TABLE `brand` (
  `brand_id` int(11) NOT NULL,
  `brand_name` varchar(30) NOT NULL,
  `cat_id` int(11) DEFAULT NULL
) ENGINE=InnoDB DEFAULT CHARSET=utf8;

--
-- Dumping data for table `brand`
--

INSERT INTO `brand` (`brand_id`, `brand_name`, `cat_id`) VALUES
(1, 'ASUS', 100),
(2, 'DELL', 100),
(3, 'ACER', 100),
(4, 'SONY', 100),
(5, 'LG', 101),
(6, 'SAMSUNG', 101),
(7, 'ACER', 101),
(8, 'GearMaster', 102),
(9, 'Nubuo', 102),
(10, 'Mionix', 103),
(11, 'zowie', 103),
(12, 'cooler', 103),
(13, 'logitechg', 103),
(14, 'AMD', 104),
(15, 'msi', 104);

-- --------------------------------------------------------

--
-- Table structure for table `cart`
--

CREATE TABLE `cart` (
  `item_id` mediumint(8) UNSIGNED NOT NULL,
  `pro_id` mediumint(8) UNSIGNED NOT NULL DEFAULT '0',
  `attribute` varchar(100) NOT NULL DEFAULT '',
  `quantity` tinyint(3) UNSIGNED DEFAULT NULL,
  `date_shop` datetime DEFAULT NULL,
  `session_id` varchar(32) NOT NULL
) ENGINE=MyISAM DEFAULT CHARSET=utf8;

--
-- Dumping data for table `cart`
--

INSERT INTO `cart` (`item_id`, `pro_id`, `attribute`, `quantity`, `date_shop`, `session_id`) VALUES
(87, 43, 'à¸ªà¸µ: à¸Šà¸¡à¸žà¸¹', 1, '2014-07-18 23:50:39', '1s3d10ublocio80h0l71hpcsp3'),
(84, 39, 'à¸ªà¸µ: à¸Ÿà¹‰à¸²', 1, '2014-07-18 23:37:52', '0tngdccpjh8rfk370mcj7se3d5'),
(88, 42, 'à¸‚à¸™à¸²à¸”: L', 1, '2014-07-19 12:31:29', 'imp5dob1biunkl5oj4b3r9e993');

-- --------------------------------------------------------

--
-- Table structure for table `categories`
--

CREATE TABLE `categories` (
  `cat_id` smallint(5) UNSIGNED NOT NULL,
  `cat_name` varchar(200) DEFAULT NULL
) ENGINE=MyISAM DEFAULT CHARSET=utf8;

--
-- Dumping data for table `categories`
--

INSERT INTO `categories` (`cat_id`, `cat_name`) VALUES
(100, 'คอมพิวเตอร์'),
(101, 'จอ LEB'),
(102, 'แป้นพิมพ์'),
(103, 'เม้าส์'),
(104, 'สายไฟ');

-- --------------------------------------------------------

--
-- Table structure for table `customers`
--

CREATE TABLE `customers` (
  `cust_id` mediumint(8) UNSIGNED NOT NULL,
  `user` varchar(30) DEFAULT NULL,
  `email` varchar(150) DEFAULT NULL,
  `status` enum('USER','ADMIN','ADMINtwo') NOT NULL COMMENT 'USER',
  `password` varchar(20) DEFAULT NULL,
  `firstname` varchar(50) DEFAULT NULL,
  `lastname` varchar(100) DEFAULT NULL,
  `prefix` int(1) DEFAULT NULL,
  `sex` varchar(1) NOT NULL COMMENT 'm',
  `address` text,
  `phone` varchar(50) DEFAULT NULL
) ENGINE=MyISAM DEFAULT CHARSET=utf8;

--
-- Dumping data for table `customers`
--

INSERT INTO `customers` (`cust_id`, `user`, `email`, `status`, `password`, `firstname`, `lastname`, `prefix`, `sex`, `address`, `phone`) VALUES
(5, 'admin', 'kiattinu09@gmail.com', 'ADMIN', '123456', 'เกียรติคุณ', 'จำนงอุดม', 0, '', 'บ้านทราย บ้านหมี่ ลพบุรี', '898061748'),
(6, 'nim', 'test@example.com', 'USER', '4321', 'nim', 'ff', 0, '', 'f', '088111xxxx'),
(8, 'ผู้จัดการ', 'beer000nim@gmail.com', 'ADMINtwo', '09876', 'ผู้จัดการ', 'งานดี', 2, 'f', 'ลพบุรี', '0'),
(10, 'ff', 's@nsm.com', 'USER', '1212', 'dgfhm', 'dgfhh', 2, 'f', 'd', '231');

-- --------------------------------------------------------

--
-- Table structure for table `generation`
--

CREATE TABLE `generation` (
  `generation_id` int(10) NOT NULL,
  `generation_name` varchar(50) NOT NULL,
  `cat_id` int(10) DEFAULT NULL,
  `brand_id` int(10) DEFAULT NULL
) ENGINE=InnoDB DEFAULT CHARSET=utf8;

--
-- Dumping data for table `generation`
--

INSERT INTO `generation` (`generation_id`, `generation_name`, `cat_id`, `brand_id`) VALUES
(1, 'SonicMaster', 100, 1),
(2, 'ASUS รุ่น ER12357423', 5, 101),
(3, 'F243124', 8, 102),
(4, 'DF85393', 14, 104);

-- --------------------------------------------------------

--
-- Table structure for table `orders`
--

CREATE TABLE `orders` (
  `order_id` mediumint(8) UNSIGNED NOT NULL,
  `cust_id` mediumint(8) UNSIGNED DEFAULT NULL,
  `order_date` datetime DEFAULT NULL,
  `paid` set('no','yes') DEFAULT NULL,
  `delivery` set('no','yes') DEFAULT NULL
) ENGINE=MyISAM DEFAULT CHARSET=utf8;

--
-- Dumping data for table `orders`
--

INSERT INTO `orders` (`order_id`, `cust_id`, `order_date`, `paid`, `delivery`) VALUES
(1000001, 5, '2014-05-26 21:30:32', 'yes', 'no'),
(1000002, 6, '2014-05-26 21:37:58', 'no', 'no');

-- --------------------------------------------------------

--
-- Table structure for table `order_details`
--

CREATE TABLE `order_details` (
  `item_id` mediumint(8) UNSIGNED NOT NULL,
  `order_id` mediumint(8) UNSIGNED DEFAULT NULL,
  `pro_id` mediumint(8) UNSIGNED DEFAULT NULL,
  `attribute` varchar(100) DEFAULT NULL,
  `quantity` tinyint(3) UNSIGNED DEFAULT NULL
) ENGINE=MyISAM DEFAULT CHARSET=utf8;

--
-- Dumping data for table `order_details`
--

INSERT INTO `order_details` (`item_id`, `order_id`, `pro_id`, `attribute`, `quantity`) VALUES
(3, 1000001, 37, 'à¸ªà¸µ: à¸Šà¸¡à¸žà¸¹, à¸‚à¸™à¸²à¸”: S', 1),
(4, 1000001, 43, 'à¸ªà¸µ: à¸Ÿà¹‰à¸²', 2),
(5, 1000002, 42, 'à¸‚à¸™à¸²à¸”: L', 1);

-- --------------------------------------------------------

--
-- Table structure for table `payments`
--

CREATE TABLE `payments` (
  `pay_id` mediumint(8) UNSIGNED NOT NULL,
  `order_id` mediumint(8) UNSIGNED NOT NULL,
  `cust_id` mediumint(8) UNSIGNED DEFAULT NULL,
  `bank` varchar(100) DEFAULT NULL,
  `location` varchar(100) DEFAULT NULL,
  `amount` varchar(20) DEFAULT NULL,
  `transfer_date` varchar(20) DEFAULT NULL,
  `confirm` set('no','yes') NOT NULL
) ENGINE=MyISAM DEFAULT CHARSET=utf8;

--
-- Dumping data for table `payments`
--

INSERT INTO `payments` (`pay_id`, `order_id`, `cust_id`, `bank`, `location`, `amount`, `transfer_date`, `confirm`) VALUES
(4, 1000002, 6, 'à¸à¸£à¸¸à¸‡à¹€à¸—à¸ž', '99xx', '999.00', '2014/05/31 12:59', 'no'),
(2, 1000001, 5, 'à¹„à¸—à¸¢à¸žà¸²à¸“à¸´à¸Šà¸¢à¹Œ', 'à¸£à¸±à¸Šà¸”à¸²', '1300.00', '2014/05/26 22:12', 'yes');

-- --------------------------------------------------------

--
-- Table structure for table `products`
--

CREATE TABLE `products` (
  `pro_id` mediumint(8) UNSIGNED NOT NULL,
  `cat_id` smallint(5) UNSIGNED DEFAULT NULL,
  `pro_name` varchar(200) DEFAULT NULL,
  `detail` text,
  `price` mediumint(8) UNSIGNED DEFAULT NULL,
  `quantity` smallint(5) UNSIGNED DEFAULT NULL,
  `brand_id` int(10) NOT NULL,
  `generation_id` int(10) NOT NULL,
  `imag` varchar(200) NOT NULL,
  `imagtwo` varchar(200) NOT NULL,
  `imagthree` varchar(200) NOT NULL
) ENGINE=MyISAM DEFAULT CHARSET=utf8;

--
-- Dumping data for table `products`
--

INSERT INTO `products` (`pro_id`, `cat_id`, `pro_name`, `detail`, `price`, `quantity`, `brand_id`, `generation_id`, `imag`, `imagtwo`, `imagthree`) VALUES
(9, 100, 'à¸Šà¸¸à¸”à¸à¸±à¸™à¸«à¸™à¸²à¸§ Anti-Cold', 'à¸œà¸¥à¸´à¸•à¸ˆà¸²à¸à¹€à¸™à¸·à¹‰à¸­à¸œà¹‰à¸²à¸Šà¸±à¹‰à¸™à¸”à¸µ à¹„à¸”à¹‰à¸£à¸±à¸šà¸à¸²à¸£à¸­à¸­à¸à¹à¸šà¸šà¸­à¸¢à¹ˆà¸²à¸‡à¸žà¸´à¸–à¸µà¸žà¸´à¸–à¸±à¸™ à¸—à¸³à¹ƒà¸«à¹‰à¸ªà¸§à¸¡à¹ƒà¸ªà¹ˆà¹à¸¥à¹‰à¸§à¸­à¸šà¸­à¸¸à¹ˆà¸™à¸ªà¸šà¸²à¸¢ à¹„à¸¡à¹ˆà¸ªà¸°à¸—à¸à¸ªà¸°à¸—à¹‰à¸²à¸™à¸•à¹ˆà¸­à¸„à¸§à¸²à¸¡à¸«à¸™à¸²à¸§ à¸¡à¸µà¸«à¸¥à¸²à¸¢à¸ªà¸µà¸«à¸¥à¸²à¸¢à¸‚à¸™à¸²à¸”à¹ƒà¸«à¹‰à¹€à¸¥à¸·à¸­à¸ à¸£à¸±à¸šà¸›à¸£à¸°à¸à¸±à¸™à¸„à¸§à¸²à¸¡à¸žà¸­à¹ƒà¸ˆ', 999, 20, 0, 0, '', '', ''),
(10, 100, 'à¸Šà¸¸à¸”à¸ªà¸²à¸§à¹€à¸‹à¹‡à¸à¸‹à¸µà¹ˆ', 'à¸ªà¸³à¸«à¸£à¸±à¸šà¸ªà¸²à¸§à¹†à¸‚à¸µà¹‰à¸£à¹‰à¸­à¸™à¸—à¸µà¹ˆà¸•à¹‰à¸­à¸‡à¸à¸²à¸£à¹‚à¸Šà¸§à¹Œà¸„à¸§à¸²à¸¡à¹€à¸‹à¹‡à¸à¸‹à¸µà¹ˆà¸žà¸­à¸›à¸£à¸°à¸¡à¸²à¸“ à¹ƒà¸ªà¹ˆà¹à¸¥à¹‰à¸§à¸”à¸¹à¹‚à¸”à¸”à¹€à¸”à¹ˆà¸™à¸ªà¸²à¸¡à¸²à¸£à¸–à¸ªà¸°à¸à¸”à¸—à¸¸à¸à¸ªà¸²à¸¢à¸•à¸²à¹ƒà¸«à¹‰à¸«à¸±à¸™à¸¡à¸²à¸¡à¸­à¸‡à¸„à¸¸à¸“ à¸œà¸¥à¸´à¸•à¸ˆà¸²à¸à¹€à¸™à¸·à¹‰à¸­à¸œà¹‰à¸²à¹€à¸à¸£à¸”à¹€à¸­ à¹ƒà¸ªà¹ˆà¹à¸¥à¹‰à¸§à¸£à¸±à¸šà¸£à¸­à¸‡à¸§à¹ˆà¸²à¹„à¸¡à¹ˆà¹€à¸à¸´à¸”à¸­à¸²à¸à¸²à¸£à¸„à¸±à¸™!', 1500, 30, 0, 0, '', '', ''),
(11, 104, 'à¸£à¸­à¸‡à¹€à¸—à¹‰à¸²à¸à¸µà¸¬à¸² à¸™à¸²à¸¢à¸à¸µà¹‰ NKX', 'à¸£à¸­à¸‡à¹€à¸—à¹‰à¸²à¸ªà¸³à¸«à¸£à¸±à¸šà¸ªà¸§à¸¡à¹ƒà¸ªà¹ˆà¸‚à¸“à¸°à¹€à¸¥à¹ˆà¸™à¸à¸µà¸¬à¸² à¸žà¸·à¹‰à¸™à¸™à¸´à¹ˆà¸¡ à¹„à¸¡à¹ˆà¸›à¸§à¸”à¹€à¸¡à¸·à¹ˆà¸­à¸¢à¸‚à¹‰à¸­à¹€à¸—à¹‰à¸² à¸—à¸™à¸—à¸²à¸™à¸•à¹ˆà¸­à¸—à¸¸à¸à¸ªà¸ à¸²à¸žà¸žà¸·à¹‰à¸™à¸œà¸´à¸§ à¸£à¸­à¸‡à¸£à¸±à¸šà¸™à¹‰à¸³à¸«à¸™à¸±à¸à¹„à¸”à¹‰à¸–à¸¶à¸‡ 200 à¸à¸´à¹‚à¸¥à¸à¸£à¸±à¸¡ ', 890, 24, 0, 0, '', '', ''),
(12, 103, 'à¸«à¸¡à¸§à¸ Hattrick', 'à¹€à¸›à¹‡à¸™à¸«à¸¡à¸§à¸à¸—à¸µà¹ˆà¸ªà¸²à¸¡à¸²à¸£à¸–à¸›à¹‰à¸­à¸‡à¸à¸±à¸™à¹à¸ªà¸‡à¹à¸”à¸”à¹„à¸”à¹‰à¸”à¸µà¹€à¸¢à¸µà¹ˆà¸¢à¸¡ à¸œà¸¥à¸´à¸•à¸ˆà¸²à¸à¸§à¸±à¸ªà¸”à¸¸à¸˜à¸£à¸£à¸¡à¸Šà¸²à¸•à¸´ à¸£à¸°à¸šà¸²à¸¢à¸­à¸²à¸à¸²à¸¨à¹„à¸”à¹‰à¸”à¸µ à¸Šà¹ˆà¸§à¸¢à¸¥à¸”à¹‚à¸¥à¸à¸£à¹‰à¸­à¸™ ', 290, 20, 0, 0, '', '', ''),
(13, 0, 'à¸«à¸¡à¸§à¸ Hattrack ', 'à¹€à¸›à¹‡à¸™à¸«à¸¡à¸§à¸à¸«à¸£à¸±à¸šà¸œà¸¹à¹‰à¸•à¹‰à¸­à¸‡à¸—à¸³à¸‡à¸²à¸™à¸à¸¥à¸²à¸‡à¹à¸ˆà¹‰à¸‡ à¸¡à¸µà¸„à¸¸à¸“à¸ªà¸¡à¸šà¸±à¸•à¸´à¹ƒà¸™à¸à¸²à¸£à¸›à¹‰à¸­à¸‡à¸à¸±à¸™à¹à¸ªà¸‡ UV à¹„à¸”à¹‰à¸”à¸µà¹€à¸¢à¸µà¹ˆà¸¢à¸¡ à¹„à¸¡à¹ˆà¸£à¸°à¸„à¸²à¸¢à¹€à¸„à¸·à¸­à¸‡à¸«à¸™à¸±à¸‡à¸¨à¸£à¸µà¸©à¸° à¸—à¸™à¸—à¸²à¸™ à¸ªà¸§à¸¡à¹ƒà¸ªà¹ˆà¹„à¸”à¹‰à¸™à¸²à¸™à¸›à¸µ ', 490, 20, 0, 0, '', '', ''),
(14, 101, 'à¸à¸²à¸‡à¹€à¸à¸‡à¸‚à¸²à¸¢à¸²à¸§ Cargo', 'à¹€à¸«à¸¡à¸²à¸°à¸ªà¸³à¸«à¸£à¸±à¸šà¸à¸²à¸£à¸ªà¸§à¸¡à¹ƒà¸ªà¹ˆà¹ƒà¸™à¸‡à¸²à¸™à¸­à¸¸à¸•à¸ªà¸²à¸«à¸à¸£à¸£à¸¡à¸«à¸£à¸·à¸­à¹‚à¸à¸”à¸±à¸‡à¸ªà¸´à¸™à¸„à¹‰à¸² à¸¡à¸µà¸„à¸¸à¸“à¸ªà¸¡à¸šà¸±à¸•à¸´à¹ƒà¸™à¸à¸²à¸£à¸›à¹‰à¸­à¸‡à¸à¸±à¸™à¸­à¸±à¸™à¸•à¸£à¸²à¸¢à¸ˆà¸²à¸à¸£à¸±à¸‡à¸ªà¸µà¹à¸¥à¸°à¸ªà¸²à¸£à¹€à¸„à¸¡à¸µà¸•à¹ˆà¸²à¸‡à¹†à¹„à¸”à¹‰à¸”à¸µ à¸‹à¸±à¸à¸‡à¹ˆà¸²à¸¢ à¹„à¸¡à¹ˆà¸¢à¸·à¸” à¹„à¸¡à¹ˆà¸«à¸” ', 500, 15, 0, 0, '', '', ''),
(15, 102, 'à¸à¸£à¸°à¹€à¸›à¹‹à¸²à¹€à¸­à¸à¸ªà¸²à¸£ Docbag', 'à¸¡à¸µà¸£à¸°à¸šà¸šà¸£à¸±à¸à¸©à¸²à¸„à¸§à¸²à¸¡à¸›à¸¥à¸­à¸”à¸ à¸±à¸¢à¸—à¸µà¹ˆà¹€à¸«à¸™à¸µà¸¢à¸§à¹à¸™à¹ˆà¸™ à¸ˆà¸¶à¸‡à¹€à¸à¹‡à¸šà¸£à¸±à¸à¸©à¸²à¹à¸¥à¸°à¸›à¹‰à¸­à¸‡à¸à¸±à¸™à¹€à¸­à¸à¸ªà¸²à¸£à¸‚à¸­à¸‡à¸—à¹ˆà¸²à¸™à¹„à¸”à¹‰à¹€à¸›à¹‡à¸™à¸­à¸¢à¹ˆà¸²à¸‡à¸”à¸µ à¸™à¹‰à¸³à¸«à¸™à¸±à¸à¹€à¸šà¸² à¹€à¸„à¸¥à¸·à¹ˆà¸­à¸™à¸¢à¹‰à¸²à¸¢à¹„à¸”à¹‰à¸ªà¸°à¸”à¸§à¸', 2500, 10, 0, 0, '', '', ''),
(16, 100, 'à¹€à¸ªà¸·à¹‰à¸­à¹€à¸Šà¸´à¹‰à¸• xMen', 'à¹€à¸ªà¸·à¹‰à¸­à¹€à¸Šà¸´à¹‰à¸•à¸—à¸µà¹ˆà¸–à¸¹à¸à¸­à¸­à¸à¹à¸šà¸šà¸¡à¸²à¸ªà¸³à¸«à¸£à¸±à¸šà¸œà¸¹à¹‰à¸Šà¸²à¸¢à¸¡à¸µà¸ªà¹„à¸•à¸¥à¹Œà¸­à¸¢à¹ˆà¸²à¸‡à¸„à¸¸à¸“ à¸”à¹‰à¸§à¸¢à¸à¸²à¸£à¸­à¸­à¸à¹à¸šà¸šà¸‚à¸­à¸‡à¸”à¸µà¹„à¸‹à¹€à¸™à¸­à¸£à¹Œà¸Šà¸·à¹ˆà¸­à¸”à¸±à¸‡ à¸žà¸£à¹‰à¸­à¸¡à¸”à¹‰à¸§à¸¢à¸„à¸¸à¸“à¸ªà¸¡à¸šà¸•à¸´à¸‚à¸­à¸‡à¹€à¸™à¸·à¹‰à¸­à¸œà¹‰à¸²à¸—à¸µà¹ˆà¸–à¸¹à¸à¸„à¸±à¸”à¸ªà¸£à¸£à¸¡à¸²à¹€à¸›à¹‡à¸™à¸­à¸¢à¹ˆà¸²à¸‡à¸”à¸µ  à¸‹à¸¶à¹ˆà¸‡à¹„à¸¡à¹ˆà¸§à¹ˆà¸²à¸„à¸¸à¸“à¸ˆà¸°à¹€à¸›à¹‡à¸™à¸œà¸¹à¹‰à¸Šà¸²à¸¢à¹à¸šà¸šà¹„à¸«à¸™ à¹€à¸ªà¸·à¹‰à¸­ xMen à¸à¹‡à¸ˆà¸°à¸Šà¹ˆà¸§à¸¢à¹ƒà¸«à¹‰à¸„à¸¸à¸“à¹‚à¸”à¸”à¹€à¸”à¹ˆà¸™à¹€à¸«à¸™à¸·à¸­à¸à¸§à¹ˆà¸²à¹ƒà¸„à¸£à¹† ', 199, 50, 0, 0, '', '', ''),
(17, 100, 'à¹€à¸ªà¸·à¹‰à¸­ BabyGirl (Round Neck)', 'BabyGirl à¹€à¸ªà¸·à¹‰à¸­à¸—à¸µà¹ˆà¸–à¸¹à¸à¸­à¸­à¸à¹à¸šà¸šà¸¡à¸²à¸ªà¸³à¸«à¸£à¸±à¸šà¸ªà¸²à¸§à¸¢à¸¸à¸„à¹ƒà¸«à¸¡à¹ˆ à¸¥à¹‰à¸³à¸ªà¸¡à¸±à¸¢ à¹„à¸¡à¹ˆà¸•à¸à¹€à¸—à¸£à¸™à¸”à¹Œ à¹ƒà¸«à¹‰à¸à¸²à¸£à¸ªà¸§à¸¡à¹ƒà¸ªà¹ˆà¸—à¸µà¹ˆà¸™à¸¸à¹ˆà¸¡à¸ªà¸šà¸²à¸¢ à¹ƒà¸™à¸—à¸¸à¸à¸ªà¸ à¸²à¸žà¸­à¸²à¸à¸²à¸¨ à¹„à¸”à¹‰à¸£à¸±à¸šà¸à¸²à¸£à¸­à¸­à¸à¹à¸šà¸šà¸­à¸¢à¹ˆà¸²à¸‡à¸›à¸£à¸°à¸“à¸µà¸•à¹ƒà¸™à¸—à¸¸à¸à¸‚à¸±à¹‰à¸™à¸•à¸­à¸™à¹‚à¸”à¸¢à¸”à¸µà¹„à¸‹à¹€à¸™à¸­à¸£à¹Œà¸¡à¸·à¸­à¸­à¸²à¸Šà¸µà¸ž à¸œà¸¥à¸´à¸•à¸ˆà¸²à¸à¸œà¹‰à¸²à¸Šà¸±à¹‰à¸™à¸”à¸µ à¸”à¹‰à¸§à¸¢à¸à¸£à¸£à¸¡à¸§à¸´à¸˜à¸µà¸­à¸±à¸™à¸—à¸±à¸™à¸ªà¸¡à¸±à¸¢', 299, 30, 0, 0, '', '', ''),
(18, 100, 'à¹€à¸ªà¸·à¹‰à¸­ BabyGirl (Collar)', 'BabyGirl à¹€à¸ªà¸·à¹‰à¸­à¸—à¸µà¹ˆà¸–à¸¹à¸à¸­à¸­à¸à¹à¸šà¸šà¸¡à¸²à¸ªà¸³à¸«à¸£à¸±à¸šà¸ªà¸²à¸§à¸¢à¸¸à¸„à¹ƒà¸«à¸¡à¹ˆ à¸¥à¹‰à¸³à¸ªà¸¡à¸±à¸¢ à¹„à¸¡à¹ˆà¸•à¸à¹€à¸—à¸£à¸™à¸”à¹Œ à¹ƒà¸«à¹‰à¸à¸²à¸£à¸ªà¸§à¸¡à¹ƒà¸ªà¹ˆà¸—à¸µà¹ˆà¸™à¸¸à¹ˆà¸¡à¸ªà¸šà¸²à¸¢ à¹ƒà¸™à¸—à¸¸à¸à¸ªà¸ à¸²à¸žà¸­à¸²à¸à¸²à¸¨ à¹„à¸”à¹‰à¸£à¸±à¸šà¸à¸²à¸£à¸­à¸­à¸à¹à¸šà¸šà¸­à¸¢à¹ˆà¸²à¸‡à¸›à¸£à¸°à¸“à¸µà¸•à¹ƒà¸™à¸—à¸¸à¸à¸‚à¸±à¹‰à¸™à¸•à¸­à¸™à¹‚à¸”à¸¢à¸”à¸µà¹„à¸‹à¹€à¸™à¸­à¸£à¹Œà¸¡à¸·à¸­à¸­à¸²à¸Šà¸µà¸ž à¸œà¸¥à¸´à¸•à¸ˆà¸²à¸à¸œà¹‰à¸²à¸Šà¸±à¹‰à¸™à¸”à¸µ à¸”à¹‰à¸§à¸¢à¸à¸£à¸£à¸¡à¸§à¸´à¸˜à¸µà¸­à¸±à¸™à¸—à¸±à¸™à¸ªà¸¡à¸±à¸¢', 349, 30, 0, 0, '', '', ''),
(19, 101, 'à¸à¸²à¸‡à¹€à¸à¸‡ Cargo à¸‚à¸²à¸ªà¸±à¹‰à¸™', 'à¸ªà¸³à¸«à¸£à¸±à¸šà¸œà¸¹à¹‰à¸—à¸µà¹ˆà¸•à¹‰à¸­à¸‡à¸à¸²à¸£à¸à¸²à¸‡à¹€à¸à¸‡à¸‚à¸²à¸ªà¸±à¹‰à¸™à¸ªà¸³à¸«à¸£à¸±à¸šà¸ªà¸§à¸¡à¹ƒà¸ªà¹ˆà¹ƒà¸™à¹‚à¸£à¸‡à¸‡à¸²à¸™à¸«à¸£à¸·à¸­à¹‚à¸à¸”à¸±à¸‡à¸ªà¸´à¸™à¸„à¹‰à¸² à¸œà¸¥à¸´à¸•à¸ˆà¸²à¸à¹€à¸™à¸·à¹‰à¸­à¸œà¹‰à¸²à¸Šà¸™à¸´à¸”à¸žà¸´à¹€à¸¨à¸© à¸—à¸™à¸—à¸²à¸™ à¸„à¸¸à¹‰à¸¡à¸„à¹ˆà¸² à¸„à¸¸à¹‰à¸¡à¸£à¸²à¸„à¸²', 459, 20, 0, 0, '', '', ''),
(20, 102, 'à¸à¸£à¸°à¹€à¸›à¹‹à¸²à¸«à¸™à¸±à¸‡ Messenger Bag', 'à¸œà¸¥à¸´à¸•à¸ˆà¸²à¸à¸«à¸™à¸±à¸‡à¹à¸—à¹‰à¸—à¸µà¹ˆà¹„à¸”à¹‰à¸«à¸²à¸¢à¸²à¸ à¸”à¹‰à¸§à¸¢à¸à¸£à¸£à¸¡à¸§à¸´à¸˜à¸µà¸à¸²à¸£à¸œà¸¥à¸´à¸•à¸­à¸±à¸™à¸—à¸±à¸™à¸ªà¸¡à¸±à¸¢ à¹ƒà¸ªà¹ˆà¹ƒà¸ˆà¹ƒà¸™à¸—à¸¸à¸à¸£à¸²à¸¢à¸¥à¸°à¹€à¸­à¸µà¸¢à¸” à¸ˆà¸¶à¸‡à¸£à¸±à¸šà¸£à¸­à¸‡à¹„à¸”à¹‰à¸§à¹ˆà¸²à¸à¸£à¸°à¹€à¸›à¹‹à¸²à¹ƒà¸šà¸™à¸µà¹‰à¸‚à¸­à¸‡à¸—à¹ˆà¸²à¸™à¸ˆà¸°à¸ªà¸§à¸¢à¹€à¸”à¹ˆà¸™à¹€à¸«à¸™à¸·à¸­à¹ƒà¸„à¸£ à¸ªà¸²à¸¡à¸²à¸£à¸–à¸™à¸³à¹„à¸›à¹ƒà¸Šà¹‰à¸‡à¸²à¸™à¹„à¸”à¹‰à¸ªà¸²à¸£à¸žà¸±à¸”à¸›à¸£à¸°à¹‚à¸¢à¸Šà¸™à¹Œ ', 5000, 10, 0, 0, '', '', ''),
(21, 101, 'à¸à¸²à¸‡à¹€à¸à¸‡à¸‚à¸²à¸¢à¸²à¸§ How Long', 'à¹€à¸£à¸²à¹„à¸¡à¹ˆà¸ªà¸²à¸¡à¸²à¸£à¸–à¸šà¸­à¸à¸—à¹ˆà¸²à¸™à¹„à¸”à¹‰à¸§à¹ˆà¸²à¸à¸²à¸‡à¹€à¸à¸‡à¸£à¸¸à¹ˆà¸™à¸™à¸µà¹‰à¸”à¸µà¸­à¸¢à¹ˆà¸²à¸‡à¹„à¸£ à¸—à¸³à¹„à¸¡à¸„à¸™à¸«à¸¥à¸²à¸¢à¸¥à¹‰à¸²à¸™à¸ˆà¸¶à¸‡à¸‹à¸·à¹‰à¸­à¸à¸²à¸‡à¹€à¸à¸‡à¸™à¸µà¹‰à¹„à¸›à¹ƒà¸ªà¹ˆ à¸„à¸¸à¸“à¹€à¸—à¹ˆà¸²à¸™à¸±à¹‰à¸™à¸—à¸µà¹ˆà¸ˆà¸°à¹ƒà¸«à¹‰à¸„à¸³à¸•à¸­à¸šà¹„à¸”à¹‰ à¸­à¸¢à¹ˆà¸²à¸«à¸¥à¸‡à¹€à¸Šà¸·à¹ˆà¸­à¸„à¸³à¹‚à¸†à¸©à¸“à¸² à¸ˆà¸™à¸à¸§à¹ˆà¸²à¸ˆà¸°à¹„à¸”à¹‰à¸¥à¸­à¸‡à¸”à¹‰à¸§à¸¢à¸•à¸±à¸§à¹€à¸­à¸‡', 890, 30, 0, 0, '', '', ''),
(22, 104, 'à¸£à¸­à¸‡à¹€à¸—à¹‰à¸² Rainbow', 'à¹€à¸›à¹‡à¸™à¸£à¸­à¸‡à¹€à¸—à¹‰à¸²à¹€à¸­à¸™à¸à¸›à¸£à¸°à¸ªà¸‡à¸„à¹Œ à¸ªà¸²à¸¡à¸²à¸£à¸–à¹ƒà¸ªà¹ˆà¹„à¸”à¹‰à¸—à¸¸à¸à¹‚à¸­à¸à¸²à¸ª à¹„à¸¡à¹ˆà¸ˆà¸³à¸à¸±à¸”à¹€à¸žà¸¨à¸«à¸£à¸·à¸­à¸ªà¸–à¸²à¸™à¸°à¸—à¸²à¸‡à¸ªà¸±à¸‡à¸„à¸¡ à¸¡à¸µà¸ªà¸±à¸™à¸ªà¸§à¸¢à¸‡à¸²à¸¡à¸„à¸£à¸šà¸•à¸²à¸¡à¸ªà¸µà¸£à¸¸à¹‰à¸‡à¸—à¸±à¹‰à¸‡ 7 à¸ªà¸µ à¸™à¹‰à¸³à¸«à¸™à¸±à¸à¹€à¸šà¸² à¸—à¸™à¸—à¸²à¸™', 999, 20, 0, 0, '', '', ''),
(23, 100, 'à¹€à¸ªà¸·à¹‰à¸­ Cutie Girl', 'à¹€à¸›à¹‡à¸™à¹€à¸ªà¸·à¹‰à¸­à¸ªà¸³à¸«à¸£à¸±à¸šà¸ªà¸²à¸§à¸§à¸±à¸¢à¸—à¸µà¸™ à¸Šà¹ˆà¸§à¸¢à¹€à¸žà¸´à¹ˆà¸¡à¸„à¸§à¸²à¸¡à¸ªà¸”à¹ƒà¸ª à¸™à¹ˆà¸²à¸£à¸±à¸ à¸™à¹ˆà¸²à¸—à¸°à¸™à¸¸à¸–à¸™à¸­à¸¡à¹ƒà¸«à¹‰à¸à¸±à¸šà¸œà¸¹à¹‰à¸ªà¸§à¸¡à¹ƒà¸ªà¹ˆ à¹à¸•à¹ˆà¸–à¸¶à¸‡à¹à¸¡à¹‰à¸ˆà¸°à¹€à¸›à¹‡à¸™à¸£à¸°à¸”à¸±à¸š à¸ª.à¸§. à¸à¹‡à¸ªà¸²à¸¡à¸²à¸£à¸–à¹ƒà¸ªà¹ˆà¹„à¸”à¹‰à¹€à¸Šà¹ˆà¸™à¸à¸±à¸™ à¸¡à¸µà¸«à¸¥à¸²à¸à¸«à¸¥à¸²à¸¢à¸ªà¸µà¸ªà¸±à¸™à¹ƒà¸«à¹‰à¹€à¸¥à¸·à¸­à¸à¸•à¸²à¸¡à¸„à¸§à¸²à¸¡à¸žà¸­à¹ƒà¸ˆ', 399, 40, 0, 0, '', '', ''),
(24, 100, 'à¹€à¸ªà¸·à¹‰à¸­ Round-Neck', 'à¹€à¸ªà¸·à¹‰à¸­à¸¢à¸·à¸”à¸„à¸­à¸à¸¥à¸¡à¸ªà¸³à¸«à¸£à¸±à¸šà¸—à¹ˆà¸²à¸™à¸ªà¸¸à¸ à¸²à¸žà¸šà¸¸à¸£à¸¸à¸©à¸—à¸µà¹ˆà¸•à¹‰à¸­à¸‡à¸à¸²à¸£à¹€à¸ªà¸·à¹‰à¸­à¹€à¸ªà¸£à¸´à¸¡à¸šà¸¸à¸„à¸„à¸¥à¸´à¸à¹ƒà¸«à¹‰à¸”à¸¹à¸­à¸‡à¸­à¸²à¸ˆà¸ªà¸‡à¹ˆà¸²à¸œà¹ˆà¸²à¹€à¸œà¸¢ à¸ªà¸¡à¸à¸±à¸šà¹€à¸›à¹‡à¸™à¸Šà¸²à¸¢à¸Šà¸²à¸•à¸£à¸µ à¸ˆà¸™à¸­à¸²à¸ˆà¸—à¸³à¹ƒà¸«à¹‰à¸šà¸¸à¸„à¸„à¸¥à¸£à¸­à¸šà¸‚à¹‰à¸²à¸‡à¹€à¸à¸´à¸”à¸­à¸²à¸à¸²à¸£à¸«à¸§à¸±à¹ˆà¸™à¹„à¸«à¸§', 199, 60, 0, 0, '', '', ''),
(25, 101, 'à¸à¸²à¸‡à¹€à¸à¸‡à¸¥à¸³à¸¥à¸­à¸‡ Casuality 456', 'à¸à¸²à¸‡à¹€à¸à¸‡à¸ªà¸³à¸«à¸£à¸±à¸šà¸ªà¸§à¸¡à¹ƒà¸ªà¹ˆà¸ªà¸šà¸²à¸¢à¹†à¹ƒà¸™à¹à¸šà¸šà¸ªà¹ˆà¸§à¸™à¸•à¸±à¸§ à¹„à¸¡à¹ˆà¸§à¹ˆà¸²à¸„à¸¸à¸“à¸ˆà¸°à¹€à¸›à¹‡à¸™à¸«à¸à¸´à¸‡à¸«à¸£à¸·à¸­à¹€à¸žà¸¨à¸—à¸µà¹ˆà¸ªà¸²à¸¡à¸£à¸±à¸šà¸£à¸­à¸‡à¹„à¸”à¹‰à¹€à¸¥à¸¢à¸§à¹ˆà¸²à¹€à¸à¸‡à¹€à¸à¸‡ Casuality 456 à¸ˆà¸°à¹ƒà¸«à¹‰à¸„à¸§à¸²à¸¡à¸£à¸¹à¹‰à¸ªà¸¶à¸à¸šà¸²à¸‡à¹€à¸šà¸² à¹‚à¸­à¸šà¸à¸£à¸°à¸Šà¸±à¸š à¸­à¸¢à¹ˆà¸²à¸‡à¸—à¸µà¹ˆà¹„à¸¡à¹ˆà¹€à¸„à¸¢à¹€à¸ˆà¸­à¸¡à¸²à¸à¹ˆà¸­à¸™', 499, 36, 0, 0, '', '', ''),
(26, 101, 'à¸à¸²à¸‡à¹€à¸à¸‡ Bermuda', 'à¸à¸²à¸‡à¹€à¸à¸‡à¸ªà¹„à¸•à¸¥à¹Œà¹€à¸šà¸­à¸£à¹Œà¸¡à¸´à¸§à¸”à¹‰à¸² à¹ƒà¸«à¹‰à¸„à¸§à¸²à¸¡à¸£à¸¹à¹‰à¸ªà¸¶à¸à¸›à¸¥à¸­à¸”à¹‚à¸›à¸£à¹ˆà¸‡à¹‚à¸¥à¹ˆà¸‡à¸ªà¸šà¸²à¸¢à¹€à¸«à¸¡à¸·à¸­à¸™à¸­à¸¢à¸¹à¹ˆà¸šà¸™à¹€à¸à¸²à¸°à¸à¸¥à¸²à¸‡à¸—à¸°à¹€à¸¥ à¸—à¸µà¹ˆà¹‚à¸­à¸šà¸¥à¹‰à¸­à¸¡à¹„à¸›à¸”à¹‰à¸§à¸¢à¸—à¹‰à¸­à¸‡à¸Ÿà¹‰à¸²à¹à¸¥à¸°à¸œà¸·à¸™à¸™à¹‰à¸³à¸­à¸±à¸™à¸à¸§à¹‰à¸²à¸‡à¹„à¸à¸¥ à¸ˆà¸™à¸­à¸¢à¸²à¸à¹ƒà¸ªà¹ˆà¸à¸²à¸‡à¹€à¸à¸‡à¸•à¸±à¸§à¸™à¸µà¹‰à¹„à¸›à¹à¸•à¸°à¸‚à¸­à¸šà¸Ÿà¹‰à¸²', 359, 24, 0, 0, '', '', ''),
(27, 102, 'à¸à¸£à¸°à¹€à¸›à¹‹à¸² Woman Docbag', 'à¸à¸£à¸°à¹€à¸›à¹‹à¸²à¹ƒà¸ªà¹ˆà¹€à¸­à¸à¸ªà¸²à¸£ à¹€à¸«à¸¡à¸²à¸°à¸ªà¸³à¸«à¸£à¸±à¸šà¸„à¸¸à¸“à¸œà¸¹à¹‰à¸«à¸à¸´à¸‡ à¸—à¸µà¹ˆà¸•à¹‰à¸­à¸‡à¸à¸²à¸£à¸—à¸µà¹ˆà¹€à¸à¹‡à¸šà¹€à¸­à¸à¸ªà¸²à¸£à¸‚à¸™à¸²à¸”à¸à¸£à¸°à¸—à¸±à¸”à¸£à¸±à¸” à¸™à¹‰à¸³à¸«à¸™à¸±à¸à¹€à¸šà¸² à¸žà¸à¸žà¸²à¸ªà¸°à¸”à¸§à¸ à¸ªà¸°à¸šà¸²à¸¢ à¸›à¸¥à¸­à¸”à¸ à¸±à¸¢ à¹„à¸£à¹‰à¸à¸±à¸‡à¸§à¸¥', 1800, 10, 0, 0, '', '', ''),
(28, 101, 'à¸à¸²à¸‡à¹€à¸à¸‡à¸§à¹ˆà¸²à¸¢à¸™à¹‰à¸³à¸Šà¸²à¸¢ Swimmen', 'à¸ªà¸³à¸«à¸£à¸±à¸šà¸—à¹ˆà¸²à¸™à¸Šà¸²à¸¢à¸—à¸µà¹ˆà¸•à¹‰à¸­à¸‡à¸à¸²à¸£à¸à¸²à¸‡à¹€à¸à¸‡à¸§à¹ˆà¸²à¸¢à¸™à¹‰à¸³à¸—à¸µà¹ˆà¸¡à¸µà¸„à¸¸à¸“à¸ à¸²à¸žà¹€à¸«à¸™à¸·à¸­à¸£à¸²à¸„à¸² à¹€à¸£à¸²à¸‚à¸­à¹à¸™à¸°à¸™à¸³à¸à¸²à¸‡à¹€à¸à¸‡ Swimmen à¸”à¹‰à¸§à¸¢à¸„à¸¸à¸“à¸ªà¸¡à¸šà¸±à¸•à¸´à¸žà¸´à¹€à¸¨à¸©à¸‚à¸­à¸‡ Swimmen à¸ˆà¸°à¸Šà¹ˆà¸§à¸¢à¹ƒà¸«à¹‰à¸—à¹ˆà¸²à¸™à¸§à¹ˆà¸²à¸¢à¸™à¹‰à¸³à¹„à¸”à¹‰à¸­à¸¢à¹ˆà¸²à¸‡à¸„à¸¥à¹ˆà¸­à¸‡à¹à¸„à¸¥à¹ˆà¸§ à¸§à¹ˆà¸­à¸‡à¹„à¸§ à¸à¸§à¹ˆà¸²à¸à¸²à¸‡à¹€à¸à¸‡à¸—à¸±à¹ˆà¸§à¹„à¸›à¸–à¸¶à¸‡ 50% ', 599, 32, 0, 0, '', '', ''),
(29, 101, 'à¸à¸²à¸‡à¹€à¸à¸‡à¸Šà¸²à¸¢à¸«à¸²à¸” Baby-Beach', 'à¹€à¸«à¸¡à¸²à¸°à¸à¸±à¸šà¸ªà¸²à¸§à¹†à¸—à¸µà¹ˆà¸•à¹‰à¸­à¸‡à¸à¸²à¸£à¸à¸²à¸‡à¹€à¸à¸‡à¸Šà¸™à¸´à¸”à¸žà¸´à¹€à¸¨à¸©à¸ªà¸³à¸«à¸£à¸±à¸šà¹ƒà¸ªà¹ˆà¹€à¸”à¸´à¸™à¹€à¸¥à¹ˆà¸™à¸•à¸²à¸¡à¸Šà¸²à¸¢à¸«à¸²à¸” à¹ƒà¸«à¹‰à¸„à¸§à¸²à¸¡à¸£à¸¹à¹‰à¸ªà¸¶à¸ à¹‚à¸¥à¹ˆà¸‡à¸ªà¸šà¸²à¸¢ à¹€à¸«à¸¡à¸·à¸­à¸™à¹„à¸¡à¹ˆà¹ƒà¸ªà¹ˆà¸­à¸°à¹„à¸£à¹€à¸¥à¸¢ à¹à¸•à¹ˆà¸›à¸à¸›à¸´à¸”à¸ˆà¸¸à¸”à¸‹à¹ˆà¸­à¸™à¹€à¸£à¹‰à¸™à¹„à¸”à¹‰à¸­à¸¢à¹ˆà¸²à¸‡à¸¡à¸´à¸”à¸Šà¸´à¸” à¸«à¸¡à¸”à¸à¸±à¸‡à¸§à¸¥à¸à¸±à¸šà¸›à¸±à¸à¸«à¸²à¸£à¸­à¸šà¸‚à¹‰à¸²à¸‡', 490, 0, 0, 0, '', '', ''),
(30, 100, 'à¹€à¸ªà¸·à¹‰à¸­à¹à¸‚à¸™à¸¢à¸²à¸§ Long Sleeve', 'à¹€à¸ªà¸·à¹‰à¸­à¹à¸‚à¸™à¸¢à¸²à¸§ Long Sleeve à¸œà¸¥à¸´à¸•à¸ˆà¸²à¸à¹€à¸™à¸·à¹‰à¸­à¸œà¹‰à¸²à¸Šà¸™à¸´à¸”à¸žà¸´à¹€à¸¨à¸©à¸‹à¸¶à¹ˆà¸‡à¸ˆà¸°à¸Šà¹ˆà¸§à¸¢à¹ƒà¸«à¹‰à¸„à¸¸à¸“à¸£à¸¹à¹‰à¸ªà¸¶à¸à¸­à¸šà¸­à¸¸à¹ˆà¸™à¸à¸²à¸¢ à¸„à¸¥à¸²à¸¢à¸„à¸§à¸²à¸¡à¸«à¸™à¸²à¸§à¹€à¸¢à¹‡à¸™ à¹„à¸¡à¹ˆà¸—à¸³à¹ƒà¸«à¹‰à¸œà¸´à¸§à¹à¸«à¹‰à¸‡à¸•à¸¶à¸‡ à¸«à¸²à¸à¸„à¸¸à¸“à¸à¸³à¸¥à¸±à¸‡à¸¡à¸­à¸‡à¸«à¸²à¹€à¸ªà¸·à¹‰à¸­à¹à¸‚à¸™à¸¢à¸²à¸§à¸à¸±à¸™à¸«à¸™à¸²à¸§à¸—à¸µà¹ˆà¸¡à¸µà¸„à¸¸à¸“à¸ à¸²à¸žà¸”à¸µà¹€à¸¢à¸µà¹ˆà¸¢à¸¡à¹ƒà¸™à¸£à¸²à¸„à¸²à¸¢à¹ˆà¸­à¸¡à¹€à¸¢à¸²à¸§à¹Œ Long Sleeve à¸„à¸·à¸­à¸„à¸³à¸•à¸­à¸šà¸ªà¸¸à¸”à¸—à¹‰à¸²à¸¢', 1099, 12, 0, 0, '', '', ''),
(31, 102, 'à¸à¸£à¸°à¹€à¸›à¹‹à¸² à¸«à¸¥à¸¸à¸¢à¸ªà¹Œ à¸§à¸´à¸•à¸•à¹Šà¸­à¸‡', 'à¸–à¹‰à¸²à¸„à¸¸à¸“à¹„à¸”à¹‰à¸ªà¸±à¸¡à¸œà¸±à¸ªà¸à¸±à¸šà¸à¸£à¸°à¹€à¸›à¹‹à¸² à¸«à¸¥à¸¸à¸¢à¸ªà¹Œ à¸§à¸´à¸•à¸•à¹Šà¸­à¸‡ à¸„à¸¸à¸“à¸ˆà¸°à¸—à¸£à¸²à¸šà¹„à¸”à¹‰à¸—à¸±à¸™à¸—à¸µà¸§à¹ˆà¸²à¸—à¸³à¹„à¸¡ à¹à¸šà¸£à¸™à¸”à¹Œà¹€à¸™à¸¡à¸™à¸µà¹‰ à¸ˆà¸¶à¸‡à¹€à¸›à¹‡à¸™à¸„à¸§à¸²à¸¡à¹ƒà¸à¹ˆà¸à¸±à¸™à¸‚à¸­à¸‡à¸œà¸¹à¹‰à¸«à¸à¸´à¸‡à¸—à¸±à¹ˆà¸§à¹‚à¸¥à¸ à¸”à¹‰à¸§à¸¢à¹€à¸­à¸à¸¥à¸±à¸à¸©à¸“à¹Œà¸—à¸µà¹ˆà¹‚à¸”à¸”à¹€à¸”à¹ˆà¸™à¹€à¸«à¸™à¸·à¸­à¹ƒà¸„à¸£ à¸ªà¸§à¸¢à¸šà¸²à¸”à¹ƒà¸ˆà¹ƒà¸™à¸—à¸¸à¸à¸¡à¸¸à¸¡à¸¡à¸­à¸‡ à¸£à¸­à¸„à¸¸à¸“à¸¡à¸²à¸ˆà¸±à¸šà¸ˆà¸­à¸‡à¹€à¸›à¹‡à¸™à¹€à¸ˆà¹‰à¸²à¸‚à¸­à¸‡à¹à¸¥à¹‰à¸§à¸§à¸±à¸™à¸µà¹‰', 5000, 30, 0, 0, '', '', ''),
(32, 102, 'à¸à¸£à¸°à¹€à¸›à¹‹à¸² Shopping Bag', 'à¹€à¸›à¹‡à¸™à¸à¸£à¸°à¹€à¸›à¹‹à¸²à¸ªà¸³à¸«à¸£à¸±à¸šà¸™à¸±à¸à¸Šà¹‰à¸­à¸›à¹‚à¹‚à¸”à¸¢à¹€à¸‰à¸žà¸²à¸° à¸¡à¸µà¸«à¸¥à¸²à¸à¸«à¸¥à¸²à¸¢à¸ªà¸µà¸ªà¸±à¸™à¹„à¸”à¹‰à¹€à¸¥à¸·à¸­à¸ à¸šà¸£à¸£à¸ˆà¸¸à¸‚à¸­à¸‡à¹„à¸”à¹‰à¸¡à¸²à¸ à¸Šà¹ˆà¸§à¸¢à¹ƒà¸«à¹‰à¸„à¸¸à¸“à¹€à¸¥à¸·à¸­à¸à¸‹à¸·à¹‰à¸­à¸ªà¸´à¸™à¸„à¹‰à¸²à¹„à¸”à¹‰à¸­à¸¢à¹ˆà¸²à¸‡à¸ªà¸šà¸²à¸¢à¹ƒà¸ˆ à¸«à¸¡à¸”à¸«à¹ˆà¸§à¸‡à¸«à¸¡à¸”à¸à¸±à¸‡à¸§à¸¥ à¸à¸±à¸šà¸›à¸±à¸à¸«à¸²à¹€à¸£à¸·à¹ˆà¸­à¸‡à¸–à¸·à¸­à¸ªà¸´à¹ˆà¸‡à¸‚à¸­à¸‡à¸žà¸°à¸£à¸¸à¸‡à¸žà¸°à¸£à¸±à¸‡ à¹€à¸¡à¸·à¹ˆà¸­à¸„à¸¸à¸“à¹€à¸¥à¸·à¸­à¸à¹ƒà¸Šà¹‰ Shopping Bag', 99, 50, 0, 0, '', '', ''),
(33, 102, 'à¸à¸£à¸°à¹€à¸›à¹‹à¸² FireWallet', 'à¸à¸£à¸°à¹€à¸›à¹‹à¸² FireWallet à¸œà¸¥à¸´à¸•à¸ˆà¸²à¸à¸«à¸™à¸±à¸‡à¹à¸—à¹‰ 100% à¸”à¹‰à¸§à¸¢à¸„à¸¸à¸“à¸ªà¸¡à¸šà¸±à¸•à¸´à¸žà¸´à¹€à¸¨à¸©à¸‚à¸­à¸‡à¸à¸£à¸°à¹€à¸›à¹‹à¸² à¸‹à¸¶à¹ˆà¸‡à¸ˆà¸°à¸Šà¹ˆà¸§à¸¢à¹ƒà¸«à¹‰à¹€à¸‡à¸´à¸™à¸‚à¸­à¸‡à¸„à¸¸à¸“à¹„à¸¡à¹ˆà¸£à¸±à¹ˆà¸§à¹„à¸«à¸¥ à¹à¸–à¸¡à¸¢à¸±à¸‡à¹„à¸«à¸¥à¸¡à¸²à¹€à¸—à¸¡à¸²à¸ˆà¸™à¸¥à¹‰à¸™à¸—à¸°à¸¥à¸±à¹ˆà¸  à¸­à¸²à¸ˆà¸à¸¥à¸²à¸¢à¹€à¸›à¹‡à¸™à¹€à¸¨à¸£à¸©à¸à¸µà¹„à¸”à¹‰à¹ƒà¸™à¸žà¸£à¸´à¸šà¸•à¸² à¹„à¸¡à¹ˆà¹€à¸Šà¸·à¹ˆà¸­à¸­à¸¢à¹ˆà¸²à¸¥à¸šà¸«à¸¥à¸¹à¹ˆ', 200, 30, 0, 0, '', '', ''),
(34, 101, 'à¸à¸²à¸‡à¹€à¸à¸‡à¸¢à¸µà¸™ Demin Short', 'à¸–à¹‰à¸²à¸„à¸¸à¸“à¸•à¹‰à¸­à¸‡à¸à¸²à¸£à¸à¸²à¸‡à¹€à¸à¸‡à¸¢à¸µà¸™à¸—à¸µà¹ˆà¹ƒà¸ªà¹ˆà¸ªà¸šà¸²à¸¢à¹†à¹ƒà¸™à¸„à¸§à¸²à¸¡à¹€à¸›à¹‡à¸™à¸ªà¹ˆà¸§à¸™à¸•à¸±à¸§ à¹€à¸£à¸²à¸‚à¸­à¹à¸™à¸°à¸™à¸³ à¸à¸²à¸‡à¹€à¸à¸‡à¸¢à¸µà¸™ Demin Short à¸‹à¸¶à¹ˆà¸‡à¸ªà¸²à¸¡à¸²à¸£à¸–à¹‚à¸­à¸šà¸à¸£à¸°à¸Šà¸±à¸šà¸£à¹ˆà¸²à¸‡à¸à¸²à¸¢à¸‚à¸­à¸‡à¸„à¸¸à¸“à¹„à¸”à¹‰à¸ªà¸±à¸”à¸ªà¹ˆà¸§à¸™à¹à¸¥à¸°à¸£à¸¹à¸›à¸—à¸£à¸‡à¸—à¸µà¹ˆà¹€à¸«à¸¡à¸²à¸°à¸ªà¸¡ à¹€à¸«à¹‡à¸™à¹à¸¥à¹‰à¸§à¸Šà¸§à¸™à¸«à¸¥à¸‡à¹„à¸«à¸¥ ', 399, 20, 0, 0, '', '', ''),
(35, 101, 'à¹€à¸à¸‡à¹€à¸à¸‡ Blue Jean', 'à¹€à¸›à¹‡à¸™à¸à¸²à¸‡à¹€à¸à¸‡à¸¢à¸µà¸™à¸—à¸µà¹ˆà¹€à¸£à¸²à¸„à¸±à¸”à¸žà¸´à¹€à¸¨à¸©à¸¡à¸²à¹ƒà¸«à¹‰à¸„à¸¸à¸“à¹€à¸¥à¸·à¸­à¸ à¸”à¹‰à¸§à¸¢à¸à¸²à¸£à¹à¸™à¸§à¸„à¸´à¸”à¹ƒà¸™à¸à¸²à¸£à¸­à¸­à¸à¹à¸šà¸šà¸—à¸µà¹ˆà¸¥à¹‰à¸³à¸¢à¸¸à¸„ à¸—à¸³à¹ƒà¸«à¹‰ Blue Jean à¸ªà¸²à¸¡à¸²à¸£à¸–à¸›à¸£à¸±à¸šà¹„à¸”à¹‰à¸•à¸²à¸¡à¸ªà¹ˆà¸§à¸™à¹€à¸§à¹‰à¸²à¹‚à¸„à¹‰à¸‡à¸‚à¸­à¸‡à¸ªà¸£à¸µà¸£à¸°à¸œà¸¹à¹‰à¸ªà¸§à¸¡à¹ƒà¸ªà¹ˆ à¹„à¸¡à¹ˆà¸—à¸³à¹ƒà¸«à¹‰à¸­à¸¶à¸”à¸­à¸±à¸” à¹ƒà¸«à¹‰à¸„à¸§à¸²à¸¡à¸£à¸¹à¹‰à¸ªà¸¶à¸à¹€à¸«à¸¡à¸·à¸­à¸™à¹€à¸›à¹‡à¸™à¸ªà¹ˆà¸§à¸™à¸«à¸™à¸¶à¹ˆà¸‡à¹ƒà¸™à¸£à¹ˆà¸²à¸‡à¸à¸²à¸¢à¸„à¸¸à¸“', 990, 24, 0, 0, '', '', ''),
(36, 103, 'à¸«à¸¡à¸§à¸ Safety Helmet', 'à¹€à¸›à¹‡à¸™à¸«à¸¡à¸§à¸à¸™à¸´à¸£à¸ à¸±à¸¢à¸—à¸µà¹ˆà¸ˆà¸°à¸Šà¹ˆà¸§à¸¢à¸›à¸à¸›à¹‰à¸­à¸‡à¸œà¸¡à¹à¸¥à¸°à¸«à¸™à¸±à¸‡à¸¨à¸£à¸µà¸©à¸°à¸‚à¸­à¸‡à¸—à¹ˆà¸²à¸™à¸ˆà¸²à¸à¸ à¸±à¸¢à¸­à¸±à¸™à¸•à¸£à¸²à¸¢à¸—à¸±à¹‰à¸‡à¸›à¸§à¸‡ à¸œà¸¥à¸´à¸•à¸ˆà¸²à¸à¸§à¸±à¸ªà¸”à¸¸à¸—à¸µà¹ˆà¹à¸‚à¹‡à¸‡à¹€à¸›à¹‡à¸™à¸žà¸´à¹€à¸¨à¸© à¸ˆà¸¶à¸‡à¸ªà¸²à¸¡à¸²à¸£à¸–à¸—à¸™à¹à¸£à¸‡à¸­à¸±à¸”à¹à¸£à¸‡à¸à¸£à¸°à¹à¸—à¸à¹„à¸”à¹‰à¸”à¸µà¹€à¸¢à¸µà¹ˆà¸¢à¸¡ à¹à¸•à¹ˆà¸¡à¸µà¸™à¹‰à¸³à¸«à¸™à¸±à¸à¹€à¸šà¸² à¹„à¸¡à¹ˆà¸—à¸³à¹ƒà¸«à¹‰à¹€à¸à¸´à¸”à¸£à¸±à¸‡à¹à¸„', 450, 30, 0, 0, '', '', ''),
(37, 100, 'à¹€à¸ªà¸·à¹‰à¸­ Thai-Shirt', 'à¹€à¸›à¹‡à¸™à¹€à¸ªà¸·à¹‰à¸­à¹€à¸Šà¸´à¹‰à¸•à¹à¸šà¸šà¹„à¸—à¸¢à¹† à¸—à¸µà¹ˆà¹ƒà¸«à¹‰à¸„à¸§à¸²à¸¡à¸£à¸¹à¹‰à¸ªà¸¶à¸à¸­à¸šà¸­à¸¸à¹ˆà¸™à¸—à¸±à¹‰à¸‡à¸à¸²à¸¢à¹à¸¥à¸°à¹ƒà¸ˆà¸—à¸¸à¸à¸„à¸£à¸±à¹‰à¸‡à¸—à¸µà¹ˆà¸ªà¸§à¸¡à¹ƒà¸ªà¹ˆ à¹„à¸¡à¹ˆà¸§à¹ˆà¸²à¸„à¸¸à¸“à¸ˆà¸°à¹€à¸à¸´à¸”à¸ à¸²à¸„à¹„à¸«à¸™ à¸à¹‡à¹ƒà¸ªà¹ˆà¹€à¸ªà¸·à¹‰à¸­ Thai-Shirt à¹„à¸”à¹‰à¸­à¸¢à¹ˆà¸²à¸‡à¹€à¸•à¹‡à¸¡à¸ à¸²à¸„à¸ à¸¹à¸¡à¸´à¹ƒà¸™à¹€à¸­à¸à¸£à¸²à¸Šà¸‚à¸­à¸‡à¹€à¸ªà¸·à¹‰à¸­à¸ªà¸±à¸à¸Šà¸²à¸•à¸´à¹„à¸—à¸¢', 299, 99, 0, 0, '', '', ''),
(38, 104, 'à¸£à¸­à¸‡à¹€à¸—à¹‰à¸²à¸ªà¹„à¸•à¸¥à¹Œ Mexican', 'à¹€à¸›à¹‡à¸™à¸£à¸­à¸‡à¹€à¸—à¹‰à¸²à¸ªà¸²à¸£à¸žà¸±à¸”à¸›à¸£à¸°à¹‚à¸¢à¸Šà¸™à¹Œà¹ƒà¸ªà¹ˆà¹„à¸›à¹„à¸”à¹‰à¸—à¸¸à¸à¸—à¸µà¹ˆà¸—à¸µà¹ˆà¸•à¹‰à¸­à¸‡à¸à¸²à¸£ à¸¡à¸µà¸™à¹‰à¸³à¸«à¸™à¸±à¸à¹€à¸šà¸² à¸™à¸¸à¹ˆà¸¡à¸ªà¸šà¸²à¸¢à¸à¹ˆà¸²à¹€à¸—à¹‰à¸² à¹€à¸à¸²à¸°à¸žà¸·à¹‰à¸™à¹€à¸›à¹‡à¸™à¹€à¸¢à¸µà¹ˆà¸¢à¸¡ à¹à¸¥à¸°à¸«à¸¢à¸¸à¸”à¹„à¸”à¹‰à¸­à¸¢à¹ˆà¸²à¸‡à¸¡à¸±à¹ˆà¸™à¹ƒà¸ˆ à¸Šà¹ˆà¸§à¸¢à¹ƒà¸«à¹‰à¸„à¸¸à¸“à¹‚à¸¥à¸”à¹à¸¥à¹ˆà¸™à¹„à¸›à¸–à¸¶à¸‡à¸ˆà¸¸à¸”à¸«à¸¡à¸²à¸¢à¹„à¸”à¹‰à¸­à¸¢à¹ˆà¸²à¸‡à¸›à¸¥à¸­à¸”à¸ à¸±à¸¢  ', 790, 5, 0, 0, '', '', ''),
(39, 103, 'à¸«à¸¡à¸§à¸ Neo Cap', 'à¸«à¸¡à¸§à¸ Neo Cap à¸œà¸¥à¸´à¸•à¸ˆà¸²à¸à¸§à¸±à¸ªà¸”à¸¸à¸žà¸´à¹€à¸¨à¸©à¹‚à¸”à¸¢à¹ƒà¸Šà¹‰à¹€à¸—à¸„à¹‚à¸™à¹‚à¸¥à¸¢à¸µ Nano à¸ˆà¸¶à¸‡à¸ªà¸²à¸¡à¸²à¸£à¸–à¸Šà¹ˆà¸§à¸¢à¸›à¸à¸›à¹‰à¸­à¸‡à¸¨à¸£à¸µà¸©à¸°à¸‚à¸­à¸‡à¸—à¹ˆà¸²à¸™à¸ˆà¸²à¸à¹à¸”à¸”, à¸¥à¸¡, à¸à¸™ à¸£à¸§à¸¡à¸–à¸¶à¸‡à¸ à¸±à¸¢à¸­à¸±à¸™à¸•à¸£à¸²à¸¢à¸•à¹ˆà¸²à¸‡à¹†à¹„à¸”à¹‰à¸­à¸¢à¹ˆà¸²à¸‡à¹„à¸£à¹‰à¸à¸±à¸‡à¸§à¸¥ à¹€à¸›à¹‡à¸™à¸¡à¸´à¸•à¸£à¸•à¹ˆà¸­à¹€à¸ªà¹‰à¸™à¸œà¸¡à¹à¸¥à¸°à¸«à¸™à¸±à¸‡à¸¨à¸£à¸µà¸©à¸° ', 199, 40, 0, 0, '', '', ''),
(40, 101, 'à¸à¸²à¸‡à¹€à¸à¸‡ Knitting Trouser', 'à¹€à¸›à¹‡à¸™à¸à¸²à¸‡à¹€à¸à¸‡à¸—à¸µà¹ˆà¹€à¸«à¸¡à¸²à¸°à¸à¸±à¸šà¸ªà¸²à¸§à¸¢à¸¸à¸„à¹ƒà¸«à¸¡à¹ˆ à¹„à¸¡à¹ˆà¸§à¹ˆà¸²à¸ˆà¸°à¹€à¸›à¹‡à¸™à¸§à¸±à¸™à¸™à¸±à¹‰à¸™ à¸§à¸±à¸™à¸™à¸µà¹‰ à¸§à¸±à¸™à¸«à¸™à¹‰à¸² à¸«à¸£à¸·à¸­à¸§à¸±à¸™à¹„à¸«à¸™à¹†à¸‚à¸­à¸‡à¹€à¸”à¸·à¸­à¸™ à¸à¸²à¸‡à¹€à¸à¸‡ Knitting Trouser à¸à¹‡à¸ˆà¸°à¸—à¸³à¹ƒà¸«à¹‰à¸„à¸¸à¸“à¸£à¸¹à¹‰à¸ªà¸¶à¸à¸ªà¸šà¸²à¸¢à¹à¸¥à¸°à¸¡à¸±à¹ˆà¸™à¹ƒà¸ˆà¸•à¸¥à¸­à¸”à¹€à¸§à¸¥à¸²à¸—à¸µà¹ˆà¸ªà¸§à¸¡à¹ƒà¸ªà¹ˆ à¸­à¸¢à¹ˆà¸²à¸‡à¸—à¸µà¹ˆà¹„à¸¡à¹ˆà¹€à¸„à¸¢à¹€à¸›à¹‡à¸™à¸¡à¸²à¸à¹ˆà¸­à¸™', 790, 20, 0, 0, '', '', ''),
(41, 100, 'à¹€à¸ªà¸·à¹‰à¸­ V-Shirt', 'à¹€à¸›à¹‡à¸™à¹€à¸ªà¸·à¹‰à¸­à¹€à¸Šà¸´à¹‰à¸•à¸ªà¸³à¸«à¸£à¸±à¸šà¸žà¸§à¸à¹€à¸£à¸²à¸—à¸¸à¸à¸„à¸™ à¸ªà¸§à¸¡à¹ƒà¸ªà¹ˆà¹„à¸”à¹‰à¸—à¸¸à¸à¸—à¸µà¹ˆà¸—à¸¸à¸à¹€à¸§à¸¥à¸²à¸—à¸¸à¸à¸ªà¸ à¸²à¸žà¸”à¸´à¸™à¸Ÿà¹‰à¸²à¸­à¸²à¸à¸²à¸¨à¹à¸¥à¸°à¸—à¸¸à¸à¸ à¸¹à¸¡à¸´à¸ à¸²à¸„  à¸Šà¹ˆà¸§à¸¢à¹€à¸ªà¸£à¸´à¸¡à¸ªà¸£à¹‰à¸²à¸‡à¸„à¸§à¸²à¸¡à¹‚à¸”à¸”à¹€à¸”à¹ˆà¸™à¸­à¸±à¸™à¸›à¹‡à¸™à¹€à¸­à¸à¸¥à¸±à¸à¸©à¸“à¹Œà¹à¸à¹ˆà¸œà¸¹à¹‰à¸ªà¸§à¸¡à¹ƒà¸ªà¹ˆ à¹€à¸¥à¸·à¸­à¸à¹ƒà¸Šà¹‰à¸Šà¸µà¸§à¸´à¸•à¹€à¸›à¹‡à¸™à¹ƒà¸™à¹à¸šà¸šà¸‚à¸­à¸‡à¸•à¸±à¸§à¹€à¸­à¸‡ à¹€à¸¥à¸·à¸­à¸à¹ƒà¸™à¸ªà¸´à¹ˆà¸‡à¸—à¸µà¹ˆà¹€à¸›à¹‡à¸™à¸•à¸±à¸§à¸‚à¸­à¸‡à¸•à¸±à¸§à¹€à¸­à¸‡ à¹€à¸¥à¸·à¸­à¸ V-Shirt', 399, 29, 0, 0, '', '', ''),
(42, 101, 'à¸à¸²à¸‡à¹€à¸à¸‡ Denim Jean', 'à¸”à¹‰à¸§à¸¢à¹€à¸­à¸à¸¥à¸±à¸à¸©à¸“à¹Œà¸­à¸±à¸™à¹€à¸›à¹‡à¸™à¹€à¸­à¸à¸ªà¸´à¸—à¸˜à¸´à¹Œà¹€à¸‰à¸žà¸²à¸° à¸ˆà¸²à¸à¸‡à¸²à¸™à¸”à¸µà¹„à¸‹à¸™à¹Œà¸—à¸µà¹ˆà¸¥à¸°à¹€à¸¡à¸µà¸¢à¸”à¸¥à¸°à¹„à¸¡ à¸œà¸ªà¸²à¸™à¸à¸±à¸šà¸à¸£à¸£à¸¡à¸§à¸´à¸˜à¸µà¸à¸²à¸£à¸œà¸¥à¸´à¸•à¸—à¸µà¹ˆà¸ªà¸¸à¸”à¹à¸ªà¸™à¸ˆà¸°à¸›à¸£à¸°à¸“à¸µà¸•à¹ƒà¸™à¸—à¸¸à¸à¸‚à¸±à¹‰à¸™à¸•à¸­à¸™ à¸ˆà¸¶à¸‡à¸—à¸³à¹ƒà¸«à¹‰ Denim Jean à¸à¸¥à¸²à¸¢à¹€à¸›à¹‡à¸™à¸«à¸™à¸¶à¹ˆà¸‡à¹ƒà¸™à¸„à¸§à¸²à¸¡à¹ƒà¸à¹ˆà¸à¸±à¸™à¸‚à¸­à¸‡à¸¡à¸§à¸¥à¸¡à¸™à¸¸à¸©à¸¢à¸Šà¸²à¸•à¸´', 999, 12, 0, 0, '', '', ''),
(43, 102, 'à¸à¸£à¸°à¹€à¸›à¹‹à¸² Flower Bag', 'à¸à¸£à¸°à¹€à¸›à¹‹à¸² Flower Bag à¸™à¸­à¸à¸ˆà¸²à¸à¸ˆà¸°à¸Šà¹ˆà¸§à¸¢à¹à¸šà¸à¸£à¸±à¸šà¸ªà¸±à¸¡à¸ à¸²à¸£à¸°à¸‚à¸­à¸‡à¸„à¸¸à¸“à¹€à¸­à¸²à¹„à¸§à¹‰à¹à¸¥à¹‰à¸§ à¸”à¸­à¸à¹„à¸¡à¹‰à¸«à¸¥à¸²à¸à¸«à¸¥à¸²à¸¢à¸ªà¸µà¸ªà¸±à¸™à¸šà¸™à¸•à¸±à¸§à¸à¸£à¸°à¹€à¸›à¹‹à¸²à¸¢à¸±à¸‡à¸Šà¹ˆà¸§à¸¢à¹€à¸žà¸´à¹ˆà¸¡à¸„à¸§à¸²à¸¡à¹‚à¸”à¸”à¹€à¸”à¹ˆà¸™ à¸šà¹ˆà¸‡à¸šà¸­à¸à¸–à¸¶à¸‡à¸£à¸ªà¸™à¸´à¸¢à¸¡à¸­à¸¢à¹ˆà¸²à¸‡à¸¡à¸µà¸£à¸°à¸”à¸±à¸šà¹ƒà¸™à¸•à¸±à¸§à¸„à¸¸à¸“ à¹€à¸›à¹‡à¸™à¸„à¸§à¸²à¸¡à¸ªà¸§à¸¢à¸‡à¸²à¸¡à¸—à¸µà¹ˆà¸¡à¸²à¸žà¸£à¹‰à¸­à¸¡à¸à¸±à¸šà¸„à¸¸à¸“à¸›à¸£à¸°à¹‚à¸¢à¸Šà¸™à¹Œà¸­à¸±à¸™à¸¡à¸µà¸„à¸¸à¸“à¸„à¹ˆà¸²à¸—à¸µà¹ˆà¸„à¸¸à¸“à¸„à¸¹à¹ˆà¸„à¸§à¸£', 500, 28, 0, 0, '', '', ''),
(44, 100, 'à¹€à¸ªà¸·à¹‰à¸­ G-Shirt', 'à¸à¸²à¸£à¸œà¸ªà¸²à¸™à¸à¸±à¸™à¸­à¸¢à¹ˆà¸²à¸‡à¸¥à¸‡à¸•à¸±à¸§à¸£à¸°à¸«à¸§à¹ˆà¸²à¸‡à¹à¸™à¸§à¸„à¸´à¸”à¹ƒà¸™à¸à¸²à¸£à¸­à¸­à¸à¹à¸šà¸šà¸­à¸±à¸™à¸§à¸´à¸ˆà¸´à¸•à¸£à¸‡à¸”à¸‡à¸²à¸¡à¸•à¸£à¸°à¸à¸²à¸£à¸•à¸²à¸à¸±à¸šà¹€à¸—à¸„à¹‚à¸™à¹‚à¸¥à¸¢à¸µà¸à¸²à¸£à¸œà¸¥à¸´à¸•à¸”à¹‰à¸§à¸¢à¹€à¸„à¸£à¸·à¹ˆà¸­à¸‡à¸ˆà¸±à¸à¸£à¸—à¸µà¹ˆà¸¥à¹‰à¸³à¸ªà¸¡à¸±à¸¢ à¹€à¸žà¸·à¹ˆà¸­à¹ƒà¸«à¹‰à¹„à¸”à¹‰à¸¡à¸²à¸‹à¸¶à¹ˆà¸‡à¹€à¸ªà¸·à¹‰à¸­à¸—à¸µà¹ˆà¹„à¸®à¹€à¸—à¸„à¹à¸¥à¸°à¸ªà¸§à¸¢à¸‡à¸²à¸¡ à¸ˆà¸¶à¸‡à¹€à¸›à¹‡à¸™à¹€à¸ªà¸·à¹‰à¸­à¹€à¸Šà¸´à¹‰à¸•à¸—à¸µà¹ˆà¹€à¸«à¸¡à¸²à¸°à¸ªà¸¡à¸—à¸µà¹ˆà¸ªà¸¸à¸”à¸ªà¸³à¸«à¸£à¸±à¸šà¸„à¸¸à¸“à¸ªà¸¸à¸ à¸²à¸žà¸ªà¸•à¸£à¸µà¹ƒà¸™à¸¢à¸¸à¸„ 3G à¹ƒà¸«à¹‰à¸„à¸¸à¸“à¸ªà¸§à¸¡à¹ƒà¸ªà¹ˆà¹€à¸žà¸·à¹ˆà¸­à¸à¹‰à¸²à¸§à¸‚à¹‰à¸²à¸¡à¹„à¸›à¸ªà¸¹à¹ˆ Generation à¹ƒà¸«à¸¡à¹ˆà¹„à¸”à¹‰à¸­à¸¢à¹ˆà¸²à¸‡à¹€à¸•à¹‡à¸¡à¸ à¸²à¸„à¸ à¸¹à¸¡à¸´', 359, 30, 0, 0, '', '', '');

--
-- Indexes for dumped tables
--

--
-- Indexes for table `brand`
--
ALTER TABLE `brand`
  ADD PRIMARY KEY (`brand_id`);

--
-- Indexes for table `cart`
--
ALTER TABLE `cart`
  ADD PRIMARY KEY (`pro_id`,`attribute`),
  ADD UNIQUE KEY `item_id` (`item_id`);

--
-- Indexes for table `categories`
--
ALTER TABLE `categories`
  ADD PRIMARY KEY (`cat_id`);

--
-- Indexes for table `customers`
--
ALTER TABLE `customers`
  ADD PRIMARY KEY (`cust_id`),
  ADD UNIQUE KEY `email_id` (`email`);

--
-- Indexes for table `generation`
--
ALTER TABLE `generation`
  ADD PRIMARY KEY (`generation_id`);

--
-- Indexes for table `orders`
--
ALTER TABLE `orders`
  ADD PRIMARY KEY (`order_id`);

--
-- Indexes for table `order_details`
--
ALTER TABLE `order_details`
  ADD PRIMARY KEY (`item_id`);

--
-- Indexes for table `payments`
--
ALTER TABLE `payments`
  ADD PRIMARY KEY (`pay_id`);

--
-- Indexes for table `products`
--
ALTER TABLE `products`
  ADD PRIMARY KEY (`pro_id`);

--
-- AUTO_INCREMENT for dumped tables
--

--
-- AUTO_INCREMENT for table `brand`
--
ALTER TABLE `brand`
  MODIFY `brand_id` int(11) NOT NULL AUTO_INCREMENT, AUTO_INCREMENT=16;
--
-- AUTO_INCREMENT for table `cart`
--
ALTER TABLE `cart`
  MODIFY `item_id` mediumint(8) UNSIGNED NOT NULL AUTO_INCREMENT, AUTO_INCREMENT=89;
--
-- AUTO_INCREMENT for table `categories`
--
ALTER TABLE `categories`
  MODIFY `cat_id` smallint(5) UNSIGNED NOT NULL AUTO_INCREMENT, AUTO_INCREMENT=105;
--
-- AUTO_INCREMENT for table `customers`
--
ALTER TABLE `customers`
  MODIFY `cust_id` mediumint(8) UNSIGNED NOT NULL AUTO_INCREMENT, AUTO_INCREMENT=11;
--
-- AUTO_INCREMENT for table `generation`
--
ALTER TABLE `generation`
  MODIFY `generation_id` int(10) NOT NULL AUTO_INCREMENT, AUTO_INCREMENT=5;
--
-- AUTO_INCREMENT for table `orders`
--
ALTER TABLE `orders`
  MODIFY `order_id` mediumint(8) UNSIGNED NOT NULL AUTO_INCREMENT, AUTO_INCREMENT=1000003;
--
-- AUTO_INCREMENT for table `order_details`
--
ALTER TABLE `order_details`
  MODIFY `item_id` mediumint(8) UNSIGNED NOT NULL AUTO_INCREMENT, AUTO_INCREMENT=6;
--
-- AUTO_INCREMENT for table `payments`
--
ALTER TABLE `payments`
  MODIFY `pay_id` mediumint(8) UNSIGNED NOT NULL AUTO_INCREMENT, AUTO_INCREMENT=5;
--
-- AUTO_INCREMENT for table `products`
--
ALTER TABLE `products`
  MODIFY `pro_id` mediumint(8) UNSIGNED NOT NULL AUTO_INCREMENT, AUTO_INCREMENT=45;
/*!40101 SET CHARACTER_SET_CLIENT=@OLD_CHARACTER_SET_CLIENT */;
/*!40101 SET CHARACTER_SET_RESULTS=@OLD_CHARACTER_SET_RESULTS */;
/*!40101 SET COLLATION_CONNECTION=@OLD_COLLATION_CONNECTION */;
